chemin, class, classe_LOC, classe_CLOC, classe_DC 
C:\Users\jeank\Downloads\jfreechart-master\jfreechart-master\src\main\java\org\jfree\chart\annotations\AbstractAnnotation.java,AbstractAnnotation,198,130,0.65656567
C:\Users\jeank\Downloads\jfreechart-master\jfreechart-master\src\main\java\org\jfree\chart\annotations\AbstractXYAnnotation.java,AbstractXYAnnotation,186,111,0.5967742
C:\Users\jeank\Downloads\jfreechart-master\jfreechart-master\src\main\java\org\jfree\chart\annotations\Annotation.java,Annotation,57,50,0.877193
C:\Users\jeank\Downloads\jfreechart-master\jfreechart-master\src\main\java\org\jfree\chart\annotations\CategoryAnnotation.java,CategoryAnnotation,60,50,0.8333333
C:\Users\jeank\Downloads\jfreechart-master\jfreechart-master\src\main\java\org\jfree\chart\annotations\CategoryLineAnnotation.java,CategoryLineAnnotation,390,198,0.50769234
C:\Users\jeank\Downloads\jfreechart-master\jfreechart-master\src\main\java\org\jfree\chart\annotations\CategoryPointerAnnotation.java,CategoryPointerAnnotation,480,263,0.54791665
C:\Users\jeank\Downloads\jfreechart-master\jfreechart-master\src\main\java\org\jfree\chart\annotations\CategoryTextAnnotation.java,CategoryTextAnnotation,246,126,0.5121951
C:\Users\jeank\Downloads\jfreechart-master\jfreechart-master\src\main\java\org\jfree\chart\annotations\package-info.java,null,4,3,0.75
C:\Users\jeank\Downloads\jfreechart-master\jfreechart-master\src\main\java\org\jfree\chart\annotations\TextAnnotation.java,TextAnnotation,314,183,0.58280253
C:\Users\jeank\Downloads\jfreechart-master\jfreechart-master\src\main\java\org\jfree\chart\annotations\XYAnnotation.java,XYAnnotation,64,53,0.828125
C:\Users\jeank\Downloads\jfreechart-master\jfreechart-master\src\main\java\org\jfree\chart\annotations\XYAnnotationBoundsInfo.java,XYAnnotationBoundsInfo,64,57,0.890625
C:\Users\jeank\Downloads\jfreechart-master\jfreechart-master\src\main\java\org\jfree\chart\annotations\XYBoxAnnotation.java,XYBoxAnnotation,342,169,0.49415204
C:\Users\jeank\Downloads\jfreechart-master\jfreechart-master\src\main\java\org\jfree\chart\annotations\XYDataImageAnnotation.java,XYDataImageAnnotation,335,176,0.52537316
C:\Users\jeank\Downloads\jfreechart-master\jfreechart-master\src\main\java\org\jfree\chart\annotations\XYDrawableAnnotation.java,XYDrawableAnnotation,270,135,0.5
C:\Users\jeank\Downloads\jfreechart-master\jfreechart-master\src\main\java\org\jfree\chart\annotations\XYImageAnnotation.java,XYImageAnnotation,272,138,0.50735295
C:\Users\jeank\Downloads\jfreechart-master\jfreechart-master\src\main\java\org\jfree\chart\annotations\XYLineAnnotation.java,XYLineAnnotation,331,154,0.4652568
C:\Users\jeank\Downloads\jfreechart-master\jfreechart-master\src\main\java\org\jfree\chart\annotations\XYPointerAnnotation.java,XYPointerAnnotation,494,262,0.5303644
C:\Users\jeank\Downloads\jfreechart-master\jfreechart-master\src\main\java\org\jfree\chart\annotations\XYPolygonAnnotation.java,XYPolygonAnnotation,321,154,0.47975078
C:\Users\jeank\Downloads\jfreechart-master\jfreechart-master\src\main\java\org\jfree\chart\annotations\XYShapeAnnotation.java,XYShapeAnnotation,272,126,0.4632353
C:\Users\jeank\Downloads\jfreechart-master\jfreechart-master\src\main\java\org\jfree\chart\annotations\XYTextAnnotation.java,XYTextAnnotation,583,309,0.53001714
C:\Users\jeank\Downloads\jfreechart-master\jfreechart-master\src\main\java\org\jfree\chart\annotations\XYTitleAnnotation.java,XYTitleAnnotation,359,151,0.4206128
C:\Users\jeank\Downloads\jfreechart-master\jfreechart-master\src\main\java\org\jfree\chart\api\HorizontalAlignment.java,HorizontalAlignment,48,42,0.875
C:\Users\jeank\Downloads\jfreechart-master\jfreechart-master\src\main\java\org\jfree\chart\api\Layer.java,Layer,37,32,0.8648649
C:\Users\jeank\Downloads\jfreechart-master\jfreechart-master\src\main\java\org\jfree\chart\api\LengthAdjustmentType.java,LengthAdjustmentType,47,41,0.87234044
C:\Users\jeank\Downloads\jfreechart-master\jfreechart-master\src\main\java\org\jfree\chart\api\package-info.java,null,4,3,0.75
C:\Users\jeank\Downloads\jfreechart-master\jfreechart-master\src\main\java\org\jfree\chart\api\PublicCloneable.java,PublicCloneable,53,48,0.9056604
C:\Users\jeank\Downloads\jfreechart-master\jfreechart-master\src\main\java\org\jfree\chart\api\RectangleAlignment.java,RectangleAlignment,128,48,0.375
C:\Users\jeank\Downloads\jfreechart-master\jfreechart-master\src\main\java\org\jfree\chart\api\RectangleAnchor.java,RectangleAnchor,152,57,0.375
C:\Users\jeank\Downloads\jfreechart-master\jfreechart-master\src\main\java\org\jfree\chart\api\RectangleEdge.java,RectangleEdge,107,65,0.60747665
C:\Users\jeank\Downloads\jfreechart-master\jfreechart-master\src\main\java\org\jfree\chart\api\RectangleInsets.java,RectangleInsets,483,250,0.51759833
C:\Users\jeank\Downloads\jfreechart-master\jfreechart-master\src\main\java\org\jfree\chart\api\Rotation.java,Rotation,67,55,0.8208955
C:\Users\jeank\Downloads\jfreechart-master\jfreechart-master\src\main\java\org\jfree\chart\api\SortOrder.java,SortOrder,44,39,0.8863636
C:\Users\jeank\Downloads\jfreechart-master\jfreechart-master\src\main\java\org\jfree\chart\api\TableOrder.java,TableOrder,44,39,0.8863636
C:\Users\jeank\Downloads\jfreechart-master\jfreechart-master\src\main\java\org\jfree\chart\api\UnitType.java,UnitType,44,39,0.8863636
C:\Users\jeank\Downloads\jfreechart-master\jfreechart-master\src\main\java\org\jfree\chart\api\VerticalAlignment.java,VerticalAlignment,48,42,0.875
C:\Users\jeank\Downloads\jfreechart-master\jfreechart-master\src\main\java\org\jfree\chart\api\XYCoordinateType.java,XYCoordinateType,53,47,0.8867925
C:\Users\jeank\Downloads\jfreechart-master\jfreechart-master\src\main\java\org\jfree\chart\axis\Axis.java,Axis,1536,749,0.48763022
C:\Users\jeank\Downloads\jfreechart-master\jfreechart-master\src\main\java\org\jfree\chart\axis\AxisCollection.java,AxisCollection,127,78,0.61417323
C:\Users\jeank\Downloads\jfreechart-master\jfreechart-master\src\main\java\org\jfree\chart\axis\AxisLabelLocation.java,AxisLabelLocation,47,41,0.87234044
C:\Users\jeank\Downloads\jfreechart-master\jfreechart-master\src\main\java\org\jfree\chart\axis\AxisLocation.java,AxisLocation,81,55,0.67901236
C:\Users\jeank\Downloads\jfreechart-master\jfreechart-master\src\main\java\org\jfree\chart\axis\AxisSpace.java,AxisSpace,342,157,0.45906433
C:\Users\jeank\Downloads\jfreechart-master\jfreechart-master\src\main\java\org\jfree\chart\axis\AxisState.java,AxisState,175,109,0.62285715
C:\Users\jeank\Downloads\jfreechart-master\jfreechart-master\src\main\java\org\jfree\chart\axis\CategoryAnchor.java,CategoryAnchor,48,42,0.875
C:\Users\jeank\Downloads\jfreechart-master\jfreechart-master\src\main\java\org\jfree\chart\axis\CategoryAxis.java,CategoryAxis,1296,584,0.45061728
C:\Users\jeank\Downloads\jfreechart-master\jfreechart-master\src\main\java\org\jfree\chart\axis\CategoryLabelPosition.java,CategoryLabelPosition,229,133,0.58078605
C:\Users\jeank\Downloads\jfreechart-master\jfreechart-master\src\main\java\org\jfree\chart\axis\CategoryLabelPositions.java,CategoryLabelPositions,366,173,0.4726776
C:\Users\jeank\Downloads\jfreechart-master\jfreechart-master\src\main\java\org\jfree\chart\axis\CategoryLabelWidthType.java,CategoryLabelWidthType,45,40,0.8888889
C:\Users\jeank\Downloads\jfreechart-master\jfreechart-master\src\main\java\org\jfree\chart\axis\CategoryTick.java,CategoryTick,132,80,0.6060606
C:\Users\jeank\Downloads\jfreechart-master\jfreechart-master\src\main\java\org\jfree\chart\axis\CompassFormat.java,CompassFormat,140,92,0.6571429
C:\Users\jeank\Downloads\jfreechart-master\jfreechart-master\src\main\java\org\jfree\chart\axis\CyclicNumberAxis.java,CyclicNumberAxis,1048,374,0.35687023
C:\Users\jeank\Downloads\jfreechart-master\jfreechart-master\src\main\java\org\jfree\chart\axis\DateAxis.java,DateAxis,1670,628,0.3760479
C:\Users\jeank\Downloads\jfreechart-master\jfreechart-master\src\main\java\org\jfree\chart\axis\DateTick.java,DateTick,120,78,0.65
C:\Users\jeank\Downloads\jfreechart-master\jfreechart-master\src\main\java\org\jfree\chart\axis\DateTickMarkPosition.java,DateTickMarkPosition,53,47,0.8867925
C:\Users\jeank\Downloads\jfreechart-master\jfreechart-master\src\main\java\org\jfree\chart\axis\DateTickUnit.java,DateTickUnit,317,186,0.5867508
C:\Users\jeank\Downloads\jfreechart-master\jfreechart-master\src\main\java\org\jfree\chart\axis\DateTickUnitType.java,DateTickUnitType,74,56,0.7567568
C:\Users\jeank\Downloads\jfreechart-master\jfreechart-master\src\main\java\org\jfree\chart\axis\ExtendedCategoryAxis.java,ExtendedCategoryAxis,230,124,0.53913045
C:\Users\jeank\Downloads\jfreechart-master\jfreechart-master\src\main\java\org\jfree\chart\axis\LogarithmicAxis.java,LogarithmicAxis,951,473,0.4973712
C:\Users\jeank\Downloads\jfreechart-master\jfreechart-master\src\main\java\org\jfree\chart\axis\LogAxis.java,LogAxis,965,424,0.43937823
C:\Users\jeank\Downloads\jfreechart-master\jfreechart-master\src\main\java\org\jfree\chart\axis\LogTick.java,LogTick,72,58,0.8055556
C:\Users\jeank\Downloads\jfreechart-master\jfreechart-master\src\main\java\org\jfree\chart\axis\MarkerAxisBand.java,MarkerAxisBand,242,112,0.46280992
C:\Users\jeank\Downloads\jfreechart-master\jfreechart-master\src\main\java\org\jfree\chart\axis\ModuloAxis.java,ModuloAxis,398,199,0.5
C:\Users\jeank\Downloads\jfreechart-master\jfreechart-master\src\main\java\org\jfree\chart\axis\MonthDateFormat.java,MonthDateFormat,230,132,0.57391304
C:\Users\jeank\Downloads\jfreechart-master\jfreechart-master\src\main\java\org\jfree\chart\axis\NumberAxis.java,NumberAxis,1024,452,0.44140625
C:\Users\jeank\Downloads\jfreechart-master\jfreechart-master\src\main\java\org\jfree\chart\axis\NumberTick.java,NumberTick,84,65,0.77380955
C:\Users\jeank\Downloads\jfreechart-master\jfreechart-master\src\main\java\org\jfree\chart\axis\NumberTickUnit.java,NumberTickUnit,139,85,0.6115108
C:\Users\jeank\Downloads\jfreechart-master\jfreechart-master\src\main\java\org\jfree\chart\axis\NumberTickUnitSource.java,NumberTickUnitSource,214,58,0.27102804
C:\Users\jeank\Downloads\jfreechart-master\jfreechart-master\src\main\java\org\jfree\chart\axis\package-info.java,null,4,3,0.75
C:\Users\jeank\Downloads\jfreechart-master\jfreechart-master\src\main\java\org\jfree\chart\axis\PeriodAxis.java,PeriodAxis,1098,435,0.39617488
C:\Users\jeank\Downloads\jfreechart-master\jfreechart-master\src\main\java\org\jfree\chart\axis\PeriodAxisLabelInfo.java,PeriodAxisLabelInfo,320,164,0.5125
C:\Users\jeank\Downloads\jfreechart-master\jfreechart-master\src\main\java\org\jfree\chart\axis\QuarterDateFormat.java,QuarterDateFormat,177,96,0.5423729
C:\Users\jeank\Downloads\jfreechart-master\jfreechart-master\src\main\java\org\jfree\chart\axis\StandardTickUnitSource.java,StandardTickUnitSource,119,80,0.6722689
C:\Users\jeank\Downloads\jfreechart-master\jfreechart-master\src\main\java\org\jfree\chart\axis\SubCategoryAxis.java,SubCategoryAxis,397,168,0.42317382
C:\Users\jeank\Downloads\jfreechart-master\jfreechart-master\src\main\java\org\jfree\chart\axis\SymbolAxis.java,SymbolAxis,681,265,0.38913363
C:\Users\jeank\Downloads\jfreechart-master\jfreechart-master\src\main\java\org\jfree\chart\axis\Tick.java,Tick,157,92,0.58598727
C:\Users\jeank\Downloads\jfreechart-master\jfreechart-master\src\main\java\org\jfree\chart\axis\TickType.java,TickType,45,40,0.8888889
C:\Users\jeank\Downloads\jfreechart-master\jfreechart-master\src\main\java\org\jfree\chart\axis\TickUnit.java,TickUnit,167,103,0.61676645
C:\Users\jeank\Downloads\jfreechart-master\jfreechart-master\src\main\java\org\jfree\chart\axis\TickUnits.java,TickUnits,195,123,0.63076925
C:\Users\jeank\Downloads\jfreechart-master\jfreechart-master\src\main\java\org\jfree\chart\axis\TickUnitSource.java,TickUnitSource,74,68,0.9189189
C:\Users\jeank\Downloads\jfreechart-master\jfreechart-master\src\main\java\org\jfree\chart\axis\Timeline.java,Timeline,133,122,0.91729325
C:\Users\jeank\Downloads\jfreechart-master\jfreechart-master\src\main\java\org\jfree\chart\axis\ValueAxis.java,ValueAxis,1523,765,0.5022981
C:\Users\jeank\Downloads\jfreechart-master\jfreechart-master\src\main\java\org\jfree\chart\axis\ValueTick.java,ValueTick,123,81,0.6585366
C:\Users\jeank\Downloads\jfreechart-master\jfreechart-master\src\main\java\org\jfree\chart\block\AbstractBlock.java,AbstractBlock,585,333,0.5692308
C:\Users\jeank\Downloads\jfreechart-master\jfreechart-master\src\main\java\org\jfree\chart\block\Arrangement.java,Arrangement,68,61,0.89705884
C:\Users\jeank\Downloads\jfreechart-master\jfreechart-master\src\main\java\org\jfree\chart\block\Block.java,Block,101,88,0.8712871
C:\Users\jeank\Downloads\jfreechart-master\jfreechart-master\src\main\java\org\jfree\chart\block\BlockBorder.java,BlockBorder,214,113,0.52803737
C:\Users\jeank\Downloads\jfreechart-master\jfreechart-master\src\main\java\org\jfree\chart\block\BlockContainer.java,BlockContainer,254,130,0.511811
C:\Users\jeank\Downloads\jfreechart-master\jfreechart-master\src\main\java\org\jfree\chart\block\BlockFrame.java,BlockFrame,60,51,0.85
C:\Users\jeank\Downloads\jfreechart-master\jfreechart-master\src\main\java\org\jfree\chart\block\BlockParams.java,BlockParams,125,95,0.76
C:\Users\jeank\Downloads\jfreechart-master\jfreechart-master\src\main\java\org\jfree\chart\block\BlockResult.java,BlockResult,72,57,0.7916667
C:\Users\jeank\Downloads\jfreechart-master\jfreechart-master\src\main\java\org\jfree\chart\block\BorderArrangement.java,BorderArrangement,511,135,0.26418787
C:\Users\jeank\Downloads\jfreechart-master\jfreechart-master\src\main\java\org\jfree\chart\block\CenterArrangement.java,CenterArrangement,300,161,0.5366667
C:\Users\jeank\Downloads\jfreechart-master\jfreechart-master\src\main\java\org\jfree\chart\block\ColorBlock.java,ColorBlock,175,104,0.5942857
C:\Users\jeank\Downloads\jfreechart-master\jfreechart-master\src\main\java\org\jfree\chart\block\ColumnArrangement.java,ColumnArrangement,356,151,0.4241573
C:\Users\jeank\Downloads\jfreechart-master\jfreechart-master\src\main\java\org\jfree\chart\block\EmptyBlock.java,EmptyBlock,111,78,0.7027027
C:\Users\jeank\Downloads\jfreechart-master\jfreechart-master\src\main\java\org\jfree\chart\block\EntityBlockParams.java,EntityBlockParams,54,50,0.9259259
C:\Users\jeank\Downloads\jfreechart-master\jfreechart-master\src\main\java\org\jfree\chart\block\EntityBlockResult.java,EntityBlockResult,53,48,0.9056604
C:\Users\jeank\Downloads\jfreechart-master\jfreechart-master\src\main\java\org\jfree\chart\block\FlowArrangement.java,FlowArrangement,411,179,0.43552312
C:\Users\jeank\Downloads\jfreechart-master\jfreechart-master\src\main\java\org\jfree\chart\block\GridArrangement.java,GridArrangement,408,175,0.42892158
C:\Users\jeank\Downloads\jfreechart-master\jfreechart-master\src\main\java\org\jfree\chart\block\LabelBlock.java,LabelBlock,383,204,0.53263706
C:\Users\jeank\Downloads\jfreechart-master\jfreechart-master\src\main\java\org\jfree\chart\block\LengthConstraintType.java,LengthConstraintType,52,46,0.88461536
C:\Users\jeank\Downloads\jfreechart-master\jfreechart-master\src\main\java\org\jfree\chart\block\LineBorder.java,LineBorder,214,96,0.44859812
C:\Users\jeank\Downloads\jfreechart-master\jfreechart-master\src\main\java\org\jfree\chart\block\package-info.java,null,4,3,0.75
C:\Users\jeank\Downloads\jfreechart-master\jfreechart-master\src\main\java\org\jfree\chart\block\RectangleConstraint.java,RectangleConstraint,320,171,0.534375
C:\Users\jeank\Downloads\jfreechart-master\jfreechart-master\src\main\java\org\jfree\chart\block\Size2D.java,Size2D,149,92,0.61744964
C:\Users\jeank\Downloads\jfreechart-master\jfreechart-master\src\main\java\org\jfree\chart\ChartColor.java,ChartColor,149,79,0.5302013
C:\Users\jeank\Downloads\jfreechart-master\jfreechart-master\src\main\java\org\jfree\chart\ChartElement.java,ChartElement,48,44,0.9166667
C:\Users\jeank\Downloads\jfreechart-master\jfreechart-master\src\main\java\org\jfree\chart\ChartElementVisitor.java,ChartElementVisitor,47,43,0.9148936
C:\Users\jeank\Downloads\jfreechart-master\jfreechart-master\src\main\java\org\jfree\chart\ChartFactory.java,ChartFactory,1870,881,0.47112298
C:\Users\jeank\Downloads\jfreechart-master\jfreechart-master\src\main\java\org\jfree\chart\ChartHints.java,ChartHints,93,68,0.7311828
C:\Users\jeank\Downloads\jfreechart-master\jfreechart-master\src\main\java\org\jfree\chart\ChartRenderingInfo.java,ChartRenderingInfo,231,137,0.5930736
C:\Users\jeank\Downloads\jfreechart-master\jfreechart-master\src\main\java\org\jfree\chart\ChartTheme.java,ChartTheme,51,47,0.92156863
C:\Users\jeank\Downloads\jfreechart-master\jfreechart-master\src\main\java\org\jfree\chart\ChartTransferable.java,ChartTransferable,231,130,0.56277055
C:\Users\jeank\Downloads\jfreechart-master\jfreechart-master\src\main\java\org\jfree\chart\ChartUtils.java,ChartUtils,630,397,0.6301587
C:\Users\jeank\Downloads\jfreechart-master\jfreechart-master\src\main\java\org\jfree\chart\date\MonthConstants.java,MonthConstants,65,50,0.7692308
C:\Users\jeank\Downloads\jfreechart-master\jfreechart-master\src\main\java\org\jfree\chart\date\package-info.java,null,4,3,0.75
C:\Users\jeank\Downloads\jfreechart-master\jfreechart-master\src\main\java\org\jfree\chart\date\SerialDate.java,SerialDate,856,503,0.5876168
C:\Users\jeank\Downloads\jfreechart-master\jfreechart-master\src\main\java\org\jfree\chart\date\SpreadsheetDate.java,SpreadsheetDate,405,231,0.5703704
C:\Users\jeank\Downloads\jfreechart-master\jfreechart-master\src\main\java\org\jfree\chart\Drawable.java,Drawable,43,37,0.8604651
C:\Users\jeank\Downloads\jfreechart-master\jfreechart-master\src\main\java\org\jfree\chart\encoders\EncoderUtil.java,EncoderUtil,178,125,0.7022472
C:\Users\jeank\Downloads\jfreechart-master\jfreechart-master\src\main\java\org\jfree\chart\encoders\ImageEncoder.java,ImageEncoder,95,82,0.86315787
C:\Users\jeank\Downloads\jfreechart-master\jfreechart-master\src\main\java\org\jfree\chart\encoders\ImageEncoderFactory.java,ImageEncoderFactory,143,91,0.6363636
C:\Users\jeank\Downloads\jfreechart-master\jfreechart-master\src\main\java\org\jfree\chart\encoders\ImageFormat.java,ImageFormat,52,46,0.88461536
C:\Users\jeank\Downloads\jfreechart-master\jfreechart-master\src\main\java\org\jfree\chart\encoders\package-info.java,null,4,3,0.75
C:\Users\jeank\Downloads\jfreechart-master\jfreechart-master\src\main\java\org\jfree\chart\encoders\SunJPEGEncoderAdapter.java,SunJPEGEncoderAdapter,156,97,0.6217949
C:\Users\jeank\Downloads\jfreechart-master\jfreechart-master\src\main\java\org\jfree\chart\encoders\SunPNGEncoderAdapter.java,SunPNGEncoderAdapter,117,81,0.6923077
C:\Users\jeank\Downloads\jfreechart-master\jfreechart-master\src\main\java\org\jfree\chart\entity\AxisEntity.java,AxisEntity,191,112,0.58638746
C:\Users\jeank\Downloads\jfreechart-master\jfreechart-master\src\main\java\org\jfree\chart\entity\CategoryItemEntity.java,CategoryItemEntity,175,110,0.62857145
C:\Users\jeank\Downloads\jfreechart-master\jfreechart-master\src\main\java\org\jfree\chart\entity\CategoryLabelEntity.java,CategoryLabelEntity,117,72,0.61538464
C:\Users\jeank\Downloads\jfreechart-master\jfreechart-master\src\main\java\org\jfree\chart\entity\ChartEntity.java,ChartEntity,371,190,0.51212937
C:\Users\jeank\Downloads\jfreechart-master\jfreechart-master\src\main\java\org\jfree\chart\entity\EntityCollection.java,EntityCollection,95,82,0.86315787
C:\Users\jeank\Downloads\jfreechart-master\jfreechart-master\src\main\java\org\jfree\chart\entity\FlowEntity.java,FlowEntity,104,67,0.6442308
C:\Users\jeank\Downloads\jfreechart-master\jfreechart-master\src\main\java\org\jfree\chart\entity\JFreeChartEntity.java,JFreeChartEntity,190,111,0.5842105
C:\Users\jeank\Downloads\jfreechart-master\jfreechart-master\src\main\java\org\jfree\chart\entity\LegendItemEntity.java,LegendItemEntity,154,98,0.6363636
C:\Users\jeank\Downloads\jfreechart-master\jfreechart-master\src\main\java\org\jfree\chart\entity\NodeEntity.java,NodeEntity,88,65,0.7386364
C:\Users\jeank\Downloads\jfreechart-master\jfreechart-master\src\main\java\org\jfree\chart\entity\package-info.java,null,4,3,0.75
C:\Users\jeank\Downloads\jfreechart-master\jfreechart-master\src\main\java\org\jfree\chart\entity\PieSectionEntity.java,PieSectionEntity,211,130,0.6161137
C:\Users\jeank\Downloads\jfreechart-master\jfreechart-master\src\main\java\org\jfree\chart\entity\PlotEntity.java,PlotEntity,190,111,0.5842105
C:\Users\jeank\Downloads\jfreechart-master\jfreechart-master\src\main\java\org\jfree\chart\entity\StandardEntityCollection.java,StandardEntityCollection,190,105,0.55263156
C:\Users\jeank\Downloads\jfreechart-master\jfreechart-master\src\main\java\org\jfree\chart\entity\TickLabelEntity.java,TickLabelEntity,57,47,0.8245614
C:\Users\jeank\Downloads\jfreechart-master\jfreechart-master\src\main\java\org\jfree\chart\entity\TitleEntity.java,TitleEntity,190,111,0.5842105
C:\Users\jeank\Downloads\jfreechart-master\jfreechart-master\src\main\java\org\jfree\chart\entity\XYAnnotationEntity.java,XYAnnotationEntity,101,66,0.65346533
C:\Users\jeank\Downloads\jfreechart-master\jfreechart-master\src\main\java\org\jfree\chart\entity\XYItemEntity.java,XYItemEntity,153,97,0.63398695
C:\Users\jeank\Downloads\jfreechart-master\jfreechart-master\src\main\java\org\jfree\chart\event\AnnotationChangeEvent.java,AnnotationChangeEvent,66,52,0.7878788
C:\Users\jeank\Downloads\jfreechart-master\jfreechart-master\src\main\java\org\jfree\chart\event\AnnotationChangeListener.java,AnnotationChangeListener,50,44,0.88
C:\Users\jeank\Downloads\jfreechart-master\jfreechart-master\src\main\java\org\jfree\chart\event\AxisChangeEvent.java,AxisChangeEvent,62,51,0.82258064
C:\Users\jeank\Downloads\jfreechart-master\jfreechart-master\src\main\java\org\jfree\chart\event\AxisChangeListener.java,AxisChangeListener,55,50,0.90909094
C:\Users\jeank\Downloads\jfreechart-master\jfreechart-master\src\main\java\org\jfree\chart\event\ChartChangeEvent.java,ChartChangeEvent,115,80,0.6956522
C:\Users\jeank\Downloads\jfreechart-master\jfreechart-master\src\main\java\org\jfree\chart\event\ChartChangeEventType.java,ChartChangeEventType,47,41,0.87234044
C:\Users\jeank\Downloads\jfreechart-master\jfreechart-master\src\main\java\org\jfree\chart\event\ChartChangeListener.java,ChartChangeListener,52,47,0.90384614
C:\Users\jeank\Downloads\jfreechart-master\jfreechart-master\src\main\java\org\jfree\chart\event\ChartProgressEvent.java,ChartProgressEvent,115,80,0.6956522
C:\Users\jeank\Downloads\jfreechart-master\jfreechart-master\src\main\java\org\jfree\chart\event\ChartProgressEventType.java,ChartProgressEventType,45,40,0.8888889
C:\Users\jeank\Downloads\jfreechart-master\jfreechart-master\src\main\java\org\jfree\chart\event\ChartProgressListener.java,ChartProgressListener,49,44,0.8979592
C:\Users\jeank\Downloads\jfreechart-master\jfreechart-master\src\main\java\org\jfree\chart\event\MarkerChangeEvent.java,MarkerChangeEvent,63,52,0.82539684
C:\Users\jeank\Downloads\jfreechart-master\jfreechart-master\src\main\java\org\jfree\chart\event\MarkerChangeListener.java,MarkerChangeListener,50,44,0.88
C:\Users\jeank\Downloads\jfreechart-master\jfreechart-master\src\main\java\org\jfree\chart\event\package-info.java,null,6,5,0.8333333
C:\Users\jeank\Downloads\jfreechart-master\jfreechart-master\src\main\java\org\jfree\chart\event\PlotChangeEvent.java,PlotChangeEvent,64,52,0.8125
C:\Users\jeank\Downloads\jfreechart-master\jfreechart-master\src\main\java\org\jfree\chart\event\PlotChangeListener.java,PlotChangeListener,50,45,0.9
C:\Users\jeank\Downloads\jfreechart-master\jfreechart-master\src\main\java\org\jfree\chart\event\RendererChangeEvent.java,RendererChangeEvent,87,68,0.7816092
C:\Users\jeank\Downloads\jfreechart-master\jfreechart-master\src\main\java\org\jfree\chart\event\RendererChangeListener.java,RendererChangeListener,49,44,0.8979592
C:\Users\jeank\Downloads\jfreechart-master\jfreechart-master\src\main\java\org\jfree\chart\event\TitleChangeEvent.java,TitleChangeEvent,61,49,0.8032787
C:\Users\jeank\Downloads\jfreechart-master\jfreechart-master\src\main\java\org\jfree\chart\event\TitleChangeListener.java,TitleChangeListener,50,45,0.9
C:\Users\jeank\Downloads\jfreechart-master\jfreechart-master\src\main\java\org\jfree\chart\imagemap\DynamicDriveToolTipTagFragmentGenerator.java,DynamicDriveToolTipTagFragmentGenerator,86,66,0.76744187
C:\Users\jeank\Downloads\jfreechart-master\jfreechart-master\src\main\java\org\jfree\chart\imagemap\ImageMapUtils.java,ImageMapUtils,239,116,0.48535565
C:\Users\jeank\Downloads\jfreechart-master\jfreechart-master\src\main\java\org\jfree\chart\imagemap\OverLIBToolTipTagFragmentGenerator.java,OverLIBToolTipTagFragmentGenerator,69,56,0.8115942
C:\Users\jeank\Downloads\jfreechart-master\jfreechart-master\src\main\java\org\jfree\chart\imagemap\package-info.java,null,4,3,0.75
C:\Users\jeank\Downloads\jfreechart-master\jfreechart-master\src\main\java\org\jfree\chart\imagemap\StandardToolTipTagFragmentGenerator.java,StandardToolTipTagFragmentGenerator,65,53,0.8153846
C:\Users\jeank\Downloads\jfreechart-master\jfreechart-master\src\main\java\org\jfree\chart\imagemap\StandardURLTagFragmentGenerator.java,StandardURLTagFragmentGenerator,66,55,0.8333333
C:\Users\jeank\Downloads\jfreechart-master\jfreechart-master\src\main\java\org\jfree\chart\imagemap\ToolTipTagFragmentGenerator.java,ToolTipTagFragmentGenerator,61,57,0.93442625
C:\Users\jeank\Downloads\jfreechart-master\jfreechart-master\src\main\java\org\jfree\chart\imagemap\URLTagFragmentGenerator.java,URLTagFragmentGenerator,62,54,0.87096775
C:\Users\jeank\Downloads\jfreechart-master\jfreechart-master\src\main\java\org\jfree\chart\internal\Args.java,Args,114,80,0.7017544
C:\Users\jeank\Downloads\jfreechart-master\jfreechart-master\src\main\java\org\jfree\chart\internal\ArrayUtils.java,ArrayUtils,188,82,0.43617022
C:\Users\jeank\Downloads\jfreechart-master\jfreechart-master\src\main\java\org\jfree\chart\internal\CloneUtils.java,CloneUtils,174,85,0.48850575
C:\Users\jeank\Downloads\jfreechart-master\jfreechart-master\src\main\java\org\jfree\chart\internal\HashUtils.java,HashUtils,192,140,0.7291667
C:\Users\jeank\Downloads\jfreechart-master\jfreechart-master\src\main\java\org\jfree\chart\internal\LineUtils.java,LineUtils,151,80,0.5298013
C:\Users\jeank\Downloads\jfreechart-master\jfreechart-master\src\main\java\org\jfree\chart\internal\package-info.java,null,4,3,0.75
C:\Users\jeank\Downloads\jfreechart-master\jfreechart-master\src\main\java\org\jfree\chart\internal\PaintUtils.java,PaintUtils,201,84,0.41791046
C:\Users\jeank\Downloads\jfreechart-master\jfreechart-master\src\main\java\org\jfree\chart\internal\SerialUtils.java,SerialUtils,634,221,0.34858045
C:\Users\jeank\Downloads\jfreechart-master\jfreechart-master\src\main\java\org\jfree\chart\internal\ShapeUtils.java,ShapeUtils,489,235,0.4805726
C:\Users\jeank\Downloads\jfreechart-master\jfreechart-master\src\main\java\org\jfree\chart\JFreeChart.java,JFreeChart,1504,740,0.49202126
C:\Users\jeank\Downloads\jfreechart-master\jfreechart-master\src\main\java\org\jfree\chart\labels\AbstractCategoryItemLabelGenerator.java,AbstractCategoryItemLabelGenerator,286,151,0.52797204
C:\Users\jeank\Downloads\jfreechart-master\jfreechart-master\src\main\java\org\jfree\chart\labels\AbstractPieItemLabelGenerator.java,AbstractPieItemLabelGenerator,213,110,0.5164319
C:\Users\jeank\Downloads\jfreechart-master\jfreechart-master\src\main\java\org\jfree\chart\labels\AbstractXYItemLabelGenerator.java,AbstractXYItemLabelGenerator,315,160,0.50793654
C:\Users\jeank\Downloads\jfreechart-master\jfreechart-master\src\main\java\org\jfree\chart\labels\BoxAndWhiskerToolTipGenerator.java,BoxAndWhiskerToolTipGenerator,133,81,0.60902256
C:\Users\jeank\Downloads\jfreechart-master\jfreechart-master\src\main\java\org\jfree\chart\labels\BoxAndWhiskerXYToolTipGenerator.java,BoxAndWhiskerXYToolTipGenerator,142,85,0.59859157
C:\Users\jeank\Downloads\jfreechart-master\jfreechart-master\src\main\java\org\jfree\chart\labels\BubbleXYItemLabelGenerator.java,BubbleXYItemLabelGenerator,242,127,0.5247934
C:\Users\jeank\Downloads\jfreechart-master\jfreechart-master\src\main\java\org\jfree\chart\labels\CategoryItemLabelGenerator.java,CategoryItemLabelGenerator,77,70,0.90909094
C:\Users\jeank\Downloads\jfreechart-master\jfreechart-master\src\main\java\org\jfree\chart\labels\CategorySeriesLabelGenerator.java,CategorySeriesLabelGenerator,56,51,0.91071427
C:\Users\jeank\Downloads\jfreechart-master\jfreechart-master\src\main\java\org\jfree\chart\labels\CategoryToolTipGenerator.java,CategoryToolTipGenerator,61,56,0.91803277
C:\Users\jeank\Downloads\jfreechart-master\jfreechart-master\src\main\java\org\jfree\chart\labels\CrosshairLabelGenerator.java,CrosshairLabelGenerator,50,45,0.9
C:\Users\jeank\Downloads\jfreechart-master\jfreechart-master\src\main\java\org\jfree\chart\labels\CustomXYToolTipGenerator.java,CustomXYToolTipGenerator,169,92,0.5443787
C:\Users\jeank\Downloads\jfreechart-master\jfreechart-master\src\main\java\org\jfree\chart\labels\FlowLabelGenerator.java,FlowLabelGenerator,54,48,0.8888889
C:\Users\jeank\Downloads\jfreechart-master\jfreechart-master\src\main\java\org\jfree\chart\labels\HighLowItemLabelGenerator.java,HighLowItemLabelGenerator,198,93,0.46969697
C:\Users\jeank\Downloads\jfreechart-master\jfreechart-master\src\main\java\org\jfree\chart\labels\IntervalCategoryItemLabelGenerator.java,IntervalCategoryItemLabelGenerator,122,68,0.55737704
C:\Users\jeank\Downloads\jfreechart-master\jfreechart-master\src\main\java\org\jfree\chart\labels\IntervalCategoryToolTipGenerator.java,IntervalCategoryToolTipGenerator,141,77,0.5460993
C:\Users\jeank\Downloads\jfreechart-master\jfreechart-master\src\main\java\org\jfree\chart\labels\IntervalXYItemLabelGenerator.java,IntervalXYItemLabelGenerator,247,119,0.48178136
C:\Users\jeank\Downloads\jfreechart-master\jfreechart-master\src\main\java\org\jfree\chart\labels\IntervalXYToolTipGenerator.java,IntervalXYToolTipGenerator,243,119,0.48971194
C:\Users\jeank\Downloads\jfreechart-master\jfreechart-master\src\main\java\org\jfree\chart\labels\ItemLabelAnchor.java,ItemLabelAnchor,92,64,0.6956522
C:\Users\jeank\Downloads\jfreechart-master\jfreechart-master\src\main\java\org\jfree\chart\labels\ItemLabelPosition.java,ItemLabelPosition,170,98,0.5764706
C:\Users\jeank\Downloads\jfreechart-master\jfreechart-master\src\main\java\org\jfree\chart\labels\MultipleXYSeriesLabelGenerator.java,MultipleXYSeriesLabelGenerator,212,100,0.4716981
C:\Users\jeank\Downloads\jfreechart-master\jfreechart-master\src\main\java\org\jfree\chart\labels\package-info.java,null,4,3,0.75
C:\Users\jeank\Downloads\jfreechart-master\jfreechart-master\src\main\java\org\jfree\chart\labels\PieSectionLabelGenerator.java,PieSectionLabelGenerator,85,74,0.87058824
C:\Users\jeank\Downloads\jfreechart-master\jfreechart-master\src\main\java\org\jfree\chart\labels\PieToolTipGenerator.java,PieToolTipGenerator,54,49,0.9074074
C:\Users\jeank\Downloads\jfreechart-master\jfreechart-master\src\main\java\org\jfree\chart\labels\StandardCategoryItemLabelGenerator.java,StandardCategoryItemLabelGenerator,133,86,0.6466165
C:\Users\jeank\Downloads\jfreechart-master\jfreechart-master\src\main\java\org\jfree\chart\labels\StandardCategorySeriesLabelGenerator.java,StandardCategorySeriesLabelGenerator,144,87,0.6041667
C:\Users\jeank\Downloads\jfreechart-master\jfreechart-master\src\main\java\org\jfree\chart\labels\StandardCategoryToolTipGenerator.java,StandardCategoryToolTipGenerator,119,76,0.6386555
C:\Users\jeank\Downloads\jfreechart-master\jfreechart-master\src\main\java\org\jfree\chart\labels\StandardCrosshairLabelGenerator.java,StandardCrosshairLabelGenerator,137,80,0.5839416
C:\Users\jeank\Downloads\jfreechart-master\jfreechart-master\src\main\java\org\jfree\chart\labels\StandardFlowLabelGenerator.java,StandardFlowLabelGenerator,115,69,0.6
C:\Users\jeank\Downloads\jfreechart-master\jfreechart-master\src\main\java\org\jfree\chart\labels\StandardPieSectionLabelGenerator.java,StandardPieSectionLabelGenerator,230,146,0.6347826
C:\Users\jeank\Downloads\jfreechart-master\jfreechart-master\src\main\java\org\jfree\chart\labels\StandardPieToolTipGenerator.java,StandardPieToolTipGenerator,129,92,0.7131783
C:\Users\jeank\Downloads\jfreechart-master\jfreechart-master\src\main\java\org\jfree\chart\labels\StandardXYItemLabelGenerator.java,StandardXYItemLabelGenerator,173,115,0.6647399
C:\Users\jeank\Downloads\jfreechart-master\jfreechart-master\src\main\java\org\jfree\chart\labels\StandardXYSeriesLabelGenerator.java,StandardXYSeriesLabelGenerator,151,93,0.615894
C:\Users\jeank\Downloads\jfreechart-master\jfreechart-master\src\main\java\org\jfree\chart\labels\StandardXYToolTipGenerator.java,StandardXYToolTipGenerator,174,115,0.66091955
C:\Users\jeank\Downloads\jfreechart-master\jfreechart-master\src\main\java\org\jfree\chart\labels\StandardXYZToolTipGenerator.java,StandardXYZToolTipGenerator,231,124,0.5367965
C:\Users\jeank\Downloads\jfreechart-master\jfreechart-master\src\main\java\org\jfree\chart\labels\SymbolicXYItemLabelGenerator.java,SymbolicXYItemLabelGenerator,156,88,0.5641026
C:\Users\jeank\Downloads\jfreechart-master\jfreechart-master\src\main\java\org\jfree\chart\labels\XYItemLabelGenerator.java,XYItemLabelGenerator,54,49,0.9074074
C:\Users\jeank\Downloads\jfreechart-master\jfreechart-master\src\main\java\org\jfree\chart\labels\XYSeriesLabelGenerator.java,XYSeriesLabelGenerator,57,52,0.9122807
C:\Users\jeank\Downloads\jfreechart-master\jfreechart-master\src\main\java\org\jfree\chart\labels\XYToolTipGenerator.java,XYToolTipGenerator,53,48,0.9056604
C:\Users\jeank\Downloads\jfreechart-master\jfreechart-master\src\main\java\org\jfree\chart\labels\XYZToolTipGenerator.java,XYZToolTipGenerator,53,48,0.9056604
C:\Users\jeank\Downloads\jfreechart-master\jfreechart-master\src\main\java\org\jfree\chart\legend\LegendGraphic.java,LegendGraphic,683,363,0.53147876
C:\Users\jeank\Downloads\jfreechart-master\jfreechart-master\src\main\java\org\jfree\chart\legend\LegendItem.java,LegendItem,983,558,0.5676501
C:\Users\jeank\Downloads\jfreechart-master\jfreechart-master\src\main\java\org\jfree\chart\legend\LegendItemBlockContainer.java,LegendItemBlockContainer,170,101,0.59411764
C:\Users\jeank\Downloads\jfreechart-master\jfreechart-master\src\main\java\org\jfree\chart\legend\LegendItemCollection.java,LegendItemCollection,142,87,0.6126761
C:\Users\jeank\Downloads\jfreechart-master\jfreechart-master\src\main\java\org\jfree\chart\legend\LegendItemSource.java,LegendItemSource,50,45,0.9
C:\Users\jeank\Downloads\jfreechart-master\jfreechart-master\src\main\java\org\jfree\chart\legend\LegendRenderingOrder.java,LegendRenderingOrder,45,40,0.8888889
C:\Users\jeank\Downloads\jfreechart-master\jfreechart-master\src\main\java\org\jfree\chart\legend\LegendTitle.java,LegendTitle,617,270,0.4376013
C:\Users\jeank\Downloads\jfreechart-master\jfreechart-master\src\main\java\org\jfree\chart\legend\package-info.java,null,4,3,0.75
C:\Users\jeank\Downloads\jfreechart-master\jfreechart-master\src\main\java\org\jfree\chart\legend\PaintScaleLegend.java,PaintScaleLegend,662,275,0.41540787
C:\Users\jeank\Downloads\jfreechart-master\jfreechart-master\src\main\java\org\jfree\chart\package-info.java,null,4,3,0.75
C:\Users\jeank\Downloads\jfreechart-master\jfreechart-master\src\main\java\org\jfree\chart\plot\CategoryCrosshairState.java,CategoryCrosshairState,157,95,0.60509557
C:\Users\jeank\Downloads\jfreechart-master\jfreechart-master\src\main\java\org\jfree\chart\plot\CategoryMarker.java,CategoryMarker,174,107,0.61494255
C:\Users\jeank\Downloads\jfreechart-master\jfreechart-master\src\main\java\org\jfree\chart\plot\CategoryPlot.java,CategoryPlot,4523,2162,0.47800133
C:\Users\jeank\Downloads\jfreechart-master\jfreechart-master\src\main\java\org\jfree\chart\plot\CenterTextMode.java,CenterTextMode,47,41,0.87234044
C:\Users\jeank\Downloads\jfreechart-master\jfreechart-master\src\main\java\org\jfree\chart\plot\CombinedDomainCategoryPlot.java,CombinedDomainCategoryPlot,613,259,0.42251223
C:\Users\jeank\Downloads\jfreechart-master\jfreechart-master\src\main\java\org\jfree\chart\plot\CombinedDomainXYPlot.java,CombinedDomainXYPlot,691,304,0.43994212
C:\Users\jeank\Downloads\jfreechart-master\jfreechart-master\src\main\java\org\jfree\chart\plot\CombinedRangeCategoryPlot.java,CombinedRangeCategoryPlot,515,213,0.41359222
C:\Users\jeank\Downloads\jfreechart-master\jfreechart-master\src\main\java\org\jfree\chart\plot\CombinedRangeXYPlot.java,CombinedRangeXYPlot,646,281,0.43498453
C:\Users\jeank\Downloads\jfreechart-master\jfreechart-master\src\main\java\org\jfree\chart\plot\compass\ArrowNeedle.java,ArrowNeedle,156,80,0.51282054
C:\Users\jeank\Downloads\jfreechart-master\jfreechart-master\src\main\java\org\jfree\chart\plot\compass\CompassPlot.java,CompassPlot,776,351,0.4523196
C:\Users\jeank\Downloads\jfreechart-master\jfreechart-master\src\main\java\org\jfree\chart\plot\compass\LineNeedle.java,LineNeedle,110,69,0.6272727
C:\Users\jeank\Downloads\jfreechart-master\jfreechart-master\src\main\java\org\jfree\chart\plot\compass\LongNeedle.java,LongNeedle,161,77,0.47826087
C:\Users\jeank\Downloads\jfreechart-master\jfreechart-master\src\main\java\org\jfree\chart\plot\compass\MeterNeedle.java,MeterNeedle,376,200,0.5319149
C:\Users\jeank\Downloads\jfreechart-master\jfreechart-master\src\main\java\org\jfree\chart\plot\compass\MiddlePinNeedle.java,MiddlePinNeedle,132,72,0.54545456
C:\Users\jeank\Downloads\jfreechart-master\jfreechart-master\src\main\java\org\jfree\chart\plot\compass\package-info.java,null,4,3,0.75
C:\Users\jeank\Downloads\jfreechart-master\jfreechart-master\src\main\java\org\jfree\chart\plot\compass\PinNeedle.java,PinNeedle,130,72,0.5538462
C:\Users\jeank\Downloads\jfreechart-master\jfreechart-master\src\main\java\org\jfree\chart\plot\compass\PlumNeedle.java,PlumNeedle,120,71,0.59166664
C:\Users\jeank\Downloads\jfreechart-master\jfreechart-master\src\main\java\org\jfree\chart\plot\compass\PointerNeedle.java,PointerNeedle,140,70,0.5
C:\Users\jeank\Downloads\jfreechart-master\jfreechart-master\src\main\java\org\jfree\chart\plot\compass\ShipNeedle.java,ShipNeedle,119,70,0.5882353
C:\Users\jeank\Downloads\jfreechart-master\jfreechart-master\src\main\java\org\jfree\chart\plot\compass\WindNeedle.java,WindNeedle,109,66,0.6055046
C:\Users\jeank\Downloads\jfreechart-master\jfreechart-master\src\main\java\org\jfree\chart\plot\Crosshair.java,Crosshair,674,377,0.55934715
C:\Users\jeank\Downloads\jfreechart-master\jfreechart-master\src\main\java\org\jfree\chart\plot\CrosshairState.java,CrosshairState,324,219,0.6759259
C:\Users\jeank\Downloads\jfreechart-master\jfreechart-master\src\main\java\org\jfree\chart\plot\DatasetRenderingOrder.java,DatasetRenderingOrder,60,55,0.9166667
C:\Users\jeank\Downloads\jfreechart-master\jfreechart-master\src\main\java\org\jfree\chart\plot\DefaultDrawingSupplier.java,DefaultDrawingSupplier,463,187,0.4038877
C:\Users\jeank\Downloads\jfreechart-master\jfreechart-master\src\main\java\org\jfree\chart\plot\dial\AbstractDialLayer.java,AbstractDialLayer,193,119,0.6165803
C:\Users\jeank\Downloads\jfreechart-master\jfreechart-master\src\main\java\org\jfree\chart\plot\dial\ArcDialFrame.java,ArcDialFrame,467,248,0.53104925
C:\Users\jeank\Downloads\jfreechart-master\jfreechart-master\src\main\java\org\jfree\chart\plot\dial\DialBackground.java,DialBackground,242,144,0.59504133
C:\Users\jeank\Downloads\jfreechart-master\jfreechart-master\src\main\java\org\jfree\chart\plot\dial\DialCap.java,DialCap,305,177,0.58032787
C:\Users\jeank\Downloads\jfreechart-master\jfreechart-master\src\main\java\org\jfree\chart\plot\dial\DialFrame.java,DialFrame,59,52,0.88135594
C:\Users\jeank\Downloads\jfreechart-master\jfreechart-master\src\main\java\org\jfree\chart\plot\dial\DialLayer.java,DialLayer,102,88,0.8627451
C:\Users\jeank\Downloads\jfreechart-master\jfreechart-master\src\main\java\org\jfree\chart\plot\dial\DialLayerChangeEvent.java,DialLayerChangeEvent,62,50,0.8064516
C:\Users\jeank\Downloads\jfreechart-master\jfreechart-master\src\main\java\org\jfree\chart\plot\dial\DialLayerChangeListener.java,DialLayerChangeListener,51,46,0.9019608
C:\Users\jeank\Downloads\jfreechart-master\jfreechart-master\src\main\java\org\jfree\chart\plot\dial\DialPlot.java,DialPlot,752,390,0.51861703
C:\Users\jeank\Downloads\jfreechart-master\jfreechart-master\src\main\java\org\jfree\chart\plot\dial\DialPointer.java,DialPointer,562,283,0.5035587
C:\Users\jeank\Downloads\jfreechart-master\jfreechart-master\src\main\java\org\jfree\chart\plot\dial\DialScale.java,DialScale,63,58,0.9206349
C:\Users\jeank\Downloads\jfreechart-master\jfreechart-master\src\main\java\org\jfree\chart\plot\dial\DialTextAnnotation.java,DialTextAnnotation,361,208,0.5761773
C:\Users\jeank\Downloads\jfreechart-master\jfreechart-master\src\main\java\org\jfree\chart\plot\dial\DialValueIndicator.java,DialValueIndicator,690,367,0.5318841
C:\Users\jeank\Downloads\jfreechart-master\jfreechart-master\src\main\java\org\jfree\chart\plot\dial\package-info.java,null,4,3,0.75
C:\Users\jeank\Downloads\jfreechart-master\jfreechart-master\src\main\java\org\jfree\chart\plot\dial\StandardDialFrame.java,StandardDialFrame,322,177,0.5496894
C:\Users\jeank\Downloads\jfreechart-master\jfreechart-master\src\main\java\org\jfree\chart\plot\dial\StandardDialRange.java,StandardDialRange,391,215,0.5498721
C:\Users\jeank\Downloads\jfreechart-master\jfreechart-master\src\main\java\org\jfree\chart\plot\dial\StandardDialScale.java,StandardDialScale,918,509,0.55446625
C:\Users\jeank\Downloads\jfreechart-master\jfreechart-master\src\main\java\org\jfree\chart\plot\DialShape.java,DialShape,48,42,0.875
C:\Users\jeank\Downloads\jfreechart-master\jfreechart-master\src\main\java\org\jfree\chart\plot\DrawingSupplier.java,DrawingSupplier,88,76,0.8636364
C:\Users\jeank\Downloads\jfreechart-master\jfreechart-master\src\main\java\org\jfree\chart\plot\FastScatterPlot.java,FastScatterPlot,974,469,0.48151952
C:\Users\jeank\Downloads\jfreechart-master\jfreechart-master\src\main\java\org\jfree\chart\plot\flow\FlowPlot.java,FlowPlot,755,322,0.42649007
C:\Users\jeank\Downloads\jfreechart-master\jfreechart-master\src\main\java\org\jfree\chart\plot\flow\package-info.java,null,4,3,0.75
C:\Users\jeank\Downloads\jfreechart-master\jfreechart-master\src\main\java\org\jfree\chart\plot\IntervalMarker.java,IntervalMarker,197,115,0.5837563
C:\Users\jeank\Downloads\jfreechart-master\jfreechart-master\src\main\java\org\jfree\chart\plot\Marker.java,Marker,603,338,0.56053066
C:\Users\jeank\Downloads\jfreechart-master\jfreechart-master\src\main\java\org\jfree\chart\plot\MeterInterval.java,MeterInterval,198,109,0.55050504
C:\Users\jeank\Downloads\jfreechart-master\jfreechart-master\src\main\java\org\jfree\chart\plot\MeterPlot.java,MeterPlot,1163,531,0.4565778
C:\Users\jeank\Downloads\jfreechart-master\jfreechart-master\src\main\java\org\jfree\chart\plot\package-info.java,null,4,3,0.75
C:\Users\jeank\Downloads\jfreechart-master\jfreechart-master\src\main\java\org\jfree\chart\plot\Pannable.java,Pannable,80,69,0.8625
C:\Users\jeank\Downloads\jfreechart-master\jfreechart-master\src\main\java\org\jfree\chart\plot\pie\AbstractPieLabelDistributor.java,AbstractPieLabelDistributor,96,72,0.75
C:\Users\jeank\Downloads\jfreechart-master\jfreechart-master\src\main\java\org\jfree\chart\plot\pie\MultiplePiePlot.java,MultiplePiePlot,574,223,0.38850173
C:\Users\jeank\Downloads\jfreechart-master\jfreechart-master\src\main\java\org\jfree\chart\plot\pie\package-info.java,null,4,3,0.75
C:\Users\jeank\Downloads\jfreechart-master\jfreechart-master\src\main\java\org\jfree\chart\plot\pie\PieLabelDistributor.java,PieLabelDistributor,198,93,0.46969697
C:\Users\jeank\Downloads\jfreechart-master\jfreechart-master\src\main\java\org\jfree\chart\plot\pie\PieLabelLinkStyle.java,PieLabelLinkStyle,48,42,0.875
C:\Users\jeank\Downloads\jfreechart-master\jfreechart-master\src\main\java\org\jfree\chart\plot\pie\PieLabelRecord.java,PieLabelRecord,253,139,0.5494071
C:\Users\jeank\Downloads\jfreechart-master\jfreechart-master\src\main\java\org\jfree\chart\plot\pie\PiePlot.java,PiePlot,2921,1467,0.5022253
C:\Users\jeank\Downloads\jfreechart-master\jfreechart-master\src\main\java\org\jfree\chart\plot\pie\PiePlotState.java,PiePlotState,239,158,0.6610879
C:\Users\jeank\Downloads\jfreechart-master\jfreechart-master\src\main\java\org\jfree\chart\plot\Plot.java,Plot,1319,669,0.50720245
C:\Users\jeank\Downloads\jfreechart-master\jfreechart-master\src\main\java\org\jfree\chart\plot\PlotOrientation.java,PlotOrientation,65,54,0.83076924
C:\Users\jeank\Downloads\jfreechart-master\jfreechart-master\src\main\java\org\jfree\chart\plot\PlotRenderingInfo.java,PlotRenderingInfo,264,150,0.5681818
C:\Users\jeank\Downloads\jfreechart-master\jfreechart-master\src\main\java\org\jfree\chart\plot\PlotState.java,PlotState,61,47,0.7704918
C:\Users\jeank\Downloads\jfreechart-master\jfreechart-master\src\main\java\org\jfree\chart\plot\PolarAxisLocation.java,PolarAxisLocation,62,51,0.82258064
C:\Users\jeank\Downloads\jfreechart-master\jfreechart-master\src\main\java\org\jfree\chart\plot\PolarPlot.java,PolarPlot,1841,859,0.46659425
C:\Users\jeank\Downloads\jfreechart-master\jfreechart-master\src\main\java\org\jfree\chart\plot\RingPlot.java,RingPlot,630,306,0.4857143
C:\Users\jeank\Downloads\jfreechart-master\jfreechart-master\src\main\java\org\jfree\chart\plot\SeriesRenderingOrder.java,SeriesRenderingOrder,58,53,0.9137931
C:\Users\jeank\Downloads\jfreechart-master\jfreechart-master\src\main\java\org\jfree\chart\plot\SpiderWebPlot.java,SpiderWebPlot,1281,622,0.48555815
C:\Users\jeank\Downloads\jfreechart-master\jfreechart-master\src\main\java\org\jfree\chart\plot\ThermometerPlot.java,ThermometerPlot,1444,690,0.47783932
C:\Users\jeank\Downloads\jfreechart-master\jfreechart-master\src\main\java\org\jfree\chart\plot\ValueAxisPlot.java,ValueAxisPlot,53,47,0.8867925
C:\Users\jeank\Downloads\jfreechart-master\jfreechart-master\src\main\java\org\jfree\chart\plot\ValueMarker.java,ValueMarker,135,92,0.6814815
C:\Users\jeank\Downloads\jfreechart-master\jfreechart-master\src\main\java\org\jfree\chart\plot\WaferMapPlot.java,WaferMapPlot,389,165,0.42416453
C:\Users\jeank\Downloads\jfreechart-master\jfreechart-master\src\main\java\org\jfree\chart\plot\XYCrosshairState.java,XYCrosshairState,52,46,0.88461536
C:\Users\jeank\Downloads\jfreechart-master\jfreechart-master\src\main\java\org\jfree\chart\plot\XYPlot.java,XYPlot,4981,2312,0.4641638
C:\Users\jeank\Downloads\jfreechart-master\jfreechart-master\src\main\java\org\jfree\chart\plot\Zoomable.java,Zoomable,151,133,0.8807947
C:\Users\jeank\Downloads\jfreechart-master\jfreechart-master\src\main\java\org\jfree\chart\renderer\AbstractRenderer.java,AbstractRenderer,2774,1575,0.56777215
C:\Users\jeank\Downloads\jfreechart-master\jfreechart-master\src\main\java\org\jfree\chart\renderer\AreaRendererEndType.java,AreaRendererEndType,58,52,0.8965517
C:\Users\jeank\Downloads\jfreechart-master\jfreechart-master\src\main\java\org\jfree\chart\renderer\category\AbstractCategoryItemRenderer.java,AbstractCategoryItemRenderer,1542,619,0.40142673
C:\Users\jeank\Downloads\jfreechart-master\jfreechart-master\src\main\java\org\jfree\chart\renderer\category\AreaRenderer.java,AreaRenderer,299,107,0.35785952
C:\Users\jeank\Downloads\jfreechart-master\jfreechart-master\src\main\java\org\jfree\chart\renderer\category\BarPainter.java,BarPainter,84,73,0.86904764
C:\Users\jeank\Downloads\jfreechart-master\jfreechart-master\src\main\java\org\jfree\chart\renderer\category\BarRenderer.java,BarRenderer,1200,529,0.44083333
C:\Users\jeank\Downloads\jfreechart-master\jfreechart-master\src\main\java\org\jfree\chart\renderer\category\BoxAndWhiskerRenderer.java,BoxAndWhiskerRenderer,1012,440,0.4347826
C:\Users\jeank\Downloads\jfreechart-master\jfreechart-master\src\main\java\org\jfree\chart\renderer\category\CategoryItemRenderer.java,CategoryItemRenderer,1439,1269,0.8818624
C:\Users\jeank\Downloads\jfreechart-master\jfreechart-master\src\main\java\org\jfree\chart\renderer\category\CategoryItemRendererState.java,CategoryItemRendererState,186,122,0.65591395
C:\Users\jeank\Downloads\jfreechart-master\jfreechart-master\src\main\java\org\jfree\chart\renderer\category\CategoryStepRenderer.java,CategoryStepRenderer,324,155,0.47839507
C:\Users\jeank\Downloads\jfreechart-master\jfreechart-master\src\main\java\org\jfree\chart\renderer\category\DefaultCategoryItemRenderer.java,DefaultCategoryItemRenderer,52,45,0.86538464
C:\Users\jeank\Downloads\jfreechart-master\jfreechart-master\src\main\java\org\jfree\chart\renderer\category\GanttRenderer.java,GanttRenderer,555,222,0.4
C:\Users\jeank\Downloads\jfreechart-master\jfreechart-master\src\main\java\org\jfree\chart\renderer\category\GradientBarPainter.java,GradientBarPainter,340,132,0.3882353
C:\Users\jeank\Downloads\jfreechart-master\jfreechart-master\src\main\java\org\jfree\chart\renderer\category\GroupedStackedBarRenderer.java,GroupedStackedBarRenderer,332,120,0.36144578
C:\Users\jeank\Downloads\jfreechart-master\jfreechart-master\src\main\java\org\jfree\chart\renderer\category\IntervalBarRenderer.java,IntervalBarRenderer,220,103,0.46818182
C:\Users\jeank\Downloads\jfreechart-master\jfreechart-master\src\main\java\org\jfree\chart\renderer\category\LayeredBarRenderer.java,LayeredBarRenderer,428,161,0.37616822
C:\Users\jeank\Downloads\jfreechart-master\jfreechart-master\src\main\java\org\jfree\chart\renderer\category\LevelRenderer.java,LevelRenderer,403,190,0.471464
C:\Users\jeank\Downloads\jfreechart-master\jfreechart-master\src\main\java\org\jfree\chart\renderer\category\LineAndShapeRenderer.java,LineAndShapeRenderer,774,396,0.5116279
C:\Users\jeank\Downloads\jfreechart-master\jfreechart-master\src\main\java\org\jfree\chart\renderer\category\MinMaxCategoryRenderer.java,MinMaxCategoryRenderer,493,226,0.45841786
C:\Users\jeank\Downloads\jfreechart-master\jfreechart-master\src\main\java\org\jfree\chart\renderer\category\package-info.java,null,4,3,0.75
C:\Users\jeank\Downloads\jfreechart-master\jfreechart-master\src\main\java\org\jfree\chart\renderer\category\ScatterRenderer.java,ScatterRenderer,534,265,0.49625468
C:\Users\jeank\Downloads\jfreechart-master\jfreechart-master\src\main\java\org\jfree\chart\renderer\category\StackedAreaRenderer.java,StackedAreaRenderer,438,156,0.3561644
C:\Users\jeank\Downloads\jfreechart-master\jfreechart-master\src\main\java\org\jfree\chart\renderer\category\StackedBarRenderer.java,StackedBarRenderer,346,133,0.38439307
C:\Users\jeank\Downloads\jfreechart-master\jfreechart-master\src\main\java\org\jfree\chart\renderer\category\StandardBarPainter.java,StandardBarPainter,202,96,0.47524753
C:\Users\jeank\Downloads\jfreechart-master\jfreechart-master\src\main\java\org\jfree\chart\renderer\category\StatisticalBarRenderer.java,StatisticalBarRenderer,518,190,0.36679536
C:\Users\jeank\Downloads\jfreechart-master\jfreechart-master\src\main\java\org\jfree\chart\renderer\category\StatisticalLineAndShapeRenderer.java,StatisticalLineAndShapeRenderer,426,158,0.37089202
C:\Users\jeank\Downloads\jfreechart-master\jfreechart-master\src\main\java\org\jfree\chart\renderer\category\WaterfallBarRenderer.java,WaterfallBarRenderer,429,169,0.3939394
C:\Users\jeank\Downloads\jfreechart-master\jfreechart-master\src\main\java\org\jfree\chart\renderer\DefaultPolarItemRenderer.java,DefaultPolarItemRenderer,840,356,0.42380953
C:\Users\jeank\Downloads\jfreechart-master\jfreechart-master\src\main\java\org\jfree\chart\renderer\GrayPaintScale.java,GrayPaintScale,203,123,0.6059113
C:\Users\jeank\Downloads\jfreechart-master\jfreechart-master\src\main\java\org\jfree\chart\renderer\LookupPaintScale.java,LookupPaintScale,344,165,0.47965115
C:\Users\jeank\Downloads\jfreechart-master\jfreechart-master\src\main\java\org\jfree\chart\renderer\NotOutlierException.java,NotOutlierException,57,51,0.8947368
C:\Users\jeank\Downloads\jfreechart-master\jfreechart-master\src\main\java\org\jfree\chart\renderer\Outlier.java,Outlier,196,130,0.6632653
C:\Users\jeank\Downloads\jfreechart-master\jfreechart-master\src\main\java\org\jfree\chart\renderer\OutlierList.java,OutlierList,156,107,0.6858974
C:\Users\jeank\Downloads\jfreechart-master\jfreechart-master\src\main\java\org\jfree\chart\renderer\OutlierListCollection.java,OutlierListCollection,157,108,0.6878981
C:\Users\jeank\Downloads\jfreechart-master\jfreechart-master\src\main\java\org\jfree\chart\renderer\package-info.java,null,4,3,0.75
C:\Users\jeank\Downloads\jfreechart-master\jfreechart-master\src\main\java\org\jfree\chart\renderer\PaintScale.java,PaintScale,73,65,0.89041096
C:\Users\jeank\Downloads\jfreechart-master\jfreechart-master\src\main\java\org\jfree\chart\renderer\PolarItemRenderer.java,PolarItemRenderer,182,147,0.8076923
C:\Users\jeank\Downloads\jfreechart-master\jfreechart-master\src\main\java\org\jfree\chart\renderer\RendererState.java,RendererState,103,72,0.69902915
C:\Users\jeank\Downloads\jfreechart-master\jfreechart-master\src\main\java\org\jfree\chart\renderer\RendererUtils.java,RendererUtils,247,94,0.3805668
C:\Users\jeank\Downloads\jfreechart-master\jfreechart-master\src\main\java\org\jfree\chart\renderer\WaferMapRenderer.java,WaferMapRenderer,344,145,0.42151162
C:\Users\jeank\Downloads\jfreechart-master\jfreechart-master\src\main\java\org\jfree\chart\renderer\xy\AbstractXYItemRenderer.java,AbstractXYItemRenderer,1524,561,0.36811024
C:\Users\jeank\Downloads\jfreechart-master\jfreechart-master\src\main\java\org\jfree\chart\renderer\xy\CandlestickRenderer.java,CandlestickRenderer,818,394,0.4816626
C:\Users\jeank\Downloads\jfreechart-master\jfreechart-master\src\main\java\org\jfree\chart\renderer\xy\ClusteredXYBarRenderer.java,ClusteredXYBarRenderer,328,134,0.40853658
C:\Users\jeank\Downloads\jfreechart-master\jfreechart-master\src\main\java\org\jfree\chart\renderer\xy\CyclicXYItemRenderer.java,CyclicXYItemRenderer,437,191,0.43707094
C:\Users\jeank\Downloads\jfreechart-master\jfreechart-master\src\main\java\org\jfree\chart\renderer\xy\DefaultXYItemRenderer.java,DefaultXYItemRenderer,52,46,0.88461536
C:\Users\jeank\Downloads\jfreechart-master\jfreechart-master\src\main\java\org\jfree\chart\renderer\xy\DeviationRenderer.java,DeviationRenderer,342,174,0.50877196
C:\Users\jeank\Downloads\jfreechart-master\jfreechart-master\src\main\java\org\jfree\chart\renderer\xy\DeviationStepRenderer.java,DeviationStepRenderer,282,110,0.39007092
C:\Users\jeank\Downloads\jfreechart-master\jfreechart-master\src\main\java\org\jfree\chart\renderer\xy\GradientXYBarPainter.java,GradientXYBarPainter,339,131,0.38643068
C:\Users\jeank\Downloads\jfreechart-master\jfreechart-master\src\main\java\org\jfree\chart\renderer\xy\HighLowRenderer.java,HighLowRenderer,448,206,0.45982143
C:\Users\jeank\Downloads\jfreechart-master\jfreechart-master\src\main\java\org\jfree\chart\renderer\xy\package-info.java,null,4,3,0.75
C:\Users\jeank\Downloads\jfreechart-master\jfreechart-master\src\main\java\org\jfree\chart\renderer\xy\SamplingXYLineRenderer.java,SamplingXYLineRenderer,333,163,0.4894895
C:\Users\jeank\Downloads\jfreechart-master\jfreechart-master\src\main\java\org\jfree\chart\renderer\xy\StackedXYAreaRenderer.java,StackedXYAreaRenderer,609,274,0.4499179
C:\Users\jeank\Downloads\jfreechart-master\jfreechart-master\src\main\java\org\jfree\chart\renderer\xy\StackedXYAreaRenderer2.java,StackedXYAreaRenderer2,493,170,0.3448276
C:\Users\jeank\Downloads\jfreechart-master\jfreechart-master\src\main\java\org\jfree\chart\renderer\xy\StackedXYBarRenderer.java,StackedXYBarRenderer,374,152,0.4064171
C:\Users\jeank\Downloads\jfreechart-master\jfreechart-master\src\main\java\org\jfree\chart\renderer\xy\StandardXYBarPainter.java,StandardXYBarPainter,202,96,0.47524753
C:\Users\jeank\Downloads\jfreechart-master\jfreechart-master\src\main\java\org\jfree\chart\renderer\xy\StandardXYItemRenderer.java,StandardXYItemRenderer,902,437,0.48447895
C:\Users\jeank\Downloads\jfreechart-master\jfreechart-master\src\main\java\org\jfree\chart\renderer\xy\VectorRenderer.java,VectorRenderer,314,114,0.36305732
C:\Users\jeank\Downloads\jfreechart-master\jfreechart-master\src\main\java\org\jfree\chart\renderer\xy\WindItemRenderer.java,WindItemRenderer,157,82,0.522293
C:\Users\jeank\Downloads\jfreechart-master\jfreechart-master\src\main\java\org\jfree\chart\renderer\xy\XYAreaRenderer.java,XYAreaRenderer,649,265,0.4083205
C:\Users\jeank\Downloads\jfreechart-master\jfreechart-master\src\main\java\org\jfree\chart\renderer\xy\XYAreaRenderer2.java,XYAreaRenderer2,392,159,0.40561223
C:\Users\jeank\Downloads\jfreechart-master\jfreechart-master\src\main\java\org\jfree\chart\renderer\xy\XYBarPainter.java,XYBarPainter,80,69,0.8625
C:\Users\jeank\Downloads\jfreechart-master\jfreechart-master\src\main\java\org\jfree\chart\renderer\xy\XYBarRenderer.java,XYBarRenderer,1084,465,0.4289668
C:\Users\jeank\Downloads\jfreechart-master\jfreechart-master\src\main\java\org\jfree\chart\renderer\xy\XYBlockRenderer.java,XYBlockRenderer,484,228,0.47107437
C:\Users\jeank\Downloads\jfreechart-master\jfreechart-master\src\main\java\org\jfree\chart\renderer\xy\XYBoxAndWhiskerRenderer.java,XYBoxAndWhiskerRenderer,733,310,0.4229195
C:\Users\jeank\Downloads\jfreechart-master\jfreechart-master\src\main\java\org\jfree\chart\renderer\xy\XYBubbleRenderer.java,XYBubbleRenderer,311,119,0.38263667
C:\Users\jeank\Downloads\jfreechart-master\jfreechart-master\src\main\java\org\jfree\chart\renderer\xy\XYDifferenceRenderer.java,XYDifferenceRenderer,1057,370,0.3500473
C:\Users\jeank\Downloads\jfreechart-master\jfreechart-master\src\main\java\org\jfree\chart\renderer\xy\XYDotRenderer.java,XYDotRenderer,336,167,0.49702382
C:\Users\jeank\Downloads\jfreechart-master\jfreechart-master\src\main\java\org\jfree\chart\renderer\xy\XYErrorRenderer.java,XYErrorRenderer,415,204,0.49156627
C:\Users\jeank\Downloads\jfreechart-master\jfreechart-master\src\main\java\org\jfree\chart\renderer\xy\XYItemRenderer.java,XYItemRenderer,1327,1158,0.8726451
C:\Users\jeank\Downloads\jfreechart-master\jfreechart-master\src\main\java\org\jfree\chart\renderer\xy\XYItemRendererState.java,XYItemRendererState,182,145,0.7967033
C:\Users\jeank\Downloads\jfreechart-master\jfreechart-master\src\main\java\org\jfree\chart\renderer\xy\XYLineAndShapeRenderer.java,XYLineAndShapeRenderer,1078,569,0.5278293
C:\Users\jeank\Downloads\jfreechart-master\jfreechart-master\src\main\java\org\jfree\chart\renderer\xy\XYShapeRenderer.java,XYShapeRenderer,562,292,0.519573
C:\Users\jeank\Downloads\jfreechart-master\jfreechart-master\src\main\java\org\jfree\chart\renderer\xy\XYSplineRenderer.java,XYSplineRenderer,463,212,0.45788336
C:\Users\jeank\Downloads\jfreechart-master\jfreechart-master\src\main\java\org\jfree\chart\renderer\xy\XYStepAreaRenderer.java,XYStepAreaRenderer,565,273,0.48318583
C:\Users\jeank\Downloads\jfreechart-master\jfreechart-master\src\main\java\org\jfree\chart\renderer\xy\XYStepRenderer.java,XYStepRenderer,316,154,0.48734176
C:\Users\jeank\Downloads\jfreechart-master\jfreechart-master\src\main\java\org\jfree\chart\renderer\xy\YIntervalRenderer.java,YIntervalRenderer,277,135,0.48736462
C:\Users\jeank\Downloads\jfreechart-master\jfreechart-master\src\main\java\org\jfree\chart\StandardChartTheme.java,StandardChartTheme,1644,726,0.44160584
C:\Users\jeank\Downloads\jfreechart-master\jfreechart-master\src\main\java\org\jfree\chart\swing\AbstractOverlay.java,AbstractOverlay,101,69,0.6831683
C:\Users\jeank\Downloads\jfreechart-master\jfreechart-master\src\main\java\org\jfree\chart\swing\ApplicationFrame.java,ApplicationFrame,114,79,0.69298244
C:\Users\jeank\Downloads\jfreechart-master\jfreechart-master\src\main\java\org\jfree\chart\swing\ChartFrame.java,ChartFrame,83,58,0.6987952
C:\Users\jeank\Downloads\jfreechart-master\jfreechart-master\src\main\java\org\jfree\chart\swing\ChartMouseEvent.java,ChartMouseEvent,96,68,0.7083333
C:\Users\jeank\Downloads\jfreechart-master\jfreechart-master\src\main\java\org\jfree\chart\swing\ChartMouseListener.java,ChartMouseListener,59,52,0.88135594
C:\Users\jeank\Downloads\jfreechart-master\jfreechart-master\src\main\java\org\jfree\chart\swing\ChartPanel.java,ChartPanel,2750,1202,0.4370909
C:\Users\jeank\Downloads\jfreechart-master\jfreechart-master\src\main\java\org\jfree\chart\swing\CrosshairOverlay.java,CrosshairOverlay,567,173,0.30511463
C:\Users\jeank\Downloads\jfreechart-master\jfreechart-master\src\main\java\org\jfree\chart\swing\DefaultSelectionZoomStrategy.java,DefaultSelectionZoomStrategy,239,83,0.34728032
C:\Users\jeank\Downloads\jfreechart-master\jfreechart-master\src\main\java\org\jfree\chart\swing\editor\ChartEditor.java,ChartEditor,52,46,0.88461536
C:\Users\jeank\Downloads\jfreechart-master\jfreechart-master\src\main\java\org\jfree\chart\swing\editor\ChartEditorFactory.java,ChartEditorFactory,50,45,0.9
C:\Users\jeank\Downloads\jfreechart-master\jfreechart-master\src\main\java\org\jfree\chart\swing\editor\ChartEditorManager.java,ChartEditorManager,81,63,0.7777778
C:\Users\jeank\Downloads\jfreechart-master\jfreechart-master\src\main\java\org\jfree\chart\swing\editor\DefaultAxisEditor.java,null,443,222,0.5011287
C:\Users\jeank\Downloads\jfreechart-master\jfreechart-master\src\main\java\org\jfree\chart\swing\editor\DefaultChartEditor.java,null,233,90,0.38626608
C:\Users\jeank\Downloads\jfreechart-master\jfreechart-master\src\main\java\org\jfree\chart\swing\editor\DefaultChartEditorFactory.java,DefaultChartEditorFactory,58,48,0.82758623
C:\Users\jeank\Downloads\jfreechart-master\jfreechart-master\src\main\java\org\jfree\chart\swing\editor\DefaultLogAxisEditor.java,DefaultLogAxisEditor,148,66,0.44594595
C:\Users\jeank\Downloads\jfreechart-master\jfreechart-master\src\main\java\org\jfree\chart\swing\editor\DefaultNumberAxisEditor.java,null,151,54,0.3576159
C:\Users\jeank\Downloads\jfreechart-master\jfreechart-master\src\main\java\org\jfree\chart\swing\editor\DefaultPlotEditor.java,null,561,196,0.3493761
C:\Users\jeank\Downloads\jfreechart-master\jfreechart-master\src\main\java\org\jfree\chart\swing\editor\DefaultPolarPlotEditor.java,DefaultPolarPlotEditor,187,77,0.4117647
C:\Users\jeank\Downloads\jfreechart-master\jfreechart-master\src\main\java\org\jfree\chart\swing\editor\DefaultTitleEditor.java,null,253,98,0.38735178
C:\Users\jeank\Downloads\jfreechart-master\jfreechart-master\src\main\java\org\jfree\chart\swing\editor\DefaultValueAxisEditor.java,null,367,141,0.3841962
C:\Users\jeank\Downloads\jfreechart-master\jfreechart-master\src\main\java\org\jfree\chart\swing\editor\FontChooserPanel.java,FontChooserPanel,182,69,0.3791209
C:\Users\jeank\Downloads\jfreechart-master\jfreechart-master\src\main\java\org\jfree\chart\swing\editor\FontDisplayField.java,FontDisplayField,86,57,0.6627907
C:\Users\jeank\Downloads\jfreechart-master\jfreechart-master\src\main\java\org\jfree\chart\swing\editor\LCBLayout.java,LCBLayout,236,96,0.40677965
C:\Users\jeank\Downloads\jfreechart-master\jfreechart-master\src\main\java\org\jfree\chart\swing\editor\package-info.java,null,4,3,0.75
C:\Users\jeank\Downloads\jfreechart-master\jfreechart-master\src\main\java\org\jfree\chart\swing\editor\PaintSample.java,PaintSample,100,57,0.57
C:\Users\jeank\Downloads\jfreechart-master\jfreechart-master\src\main\java\org\jfree\chart\swing\editor\StrokeChooserPanel.java,StrokeChooserPanel,83,53,0.6385542
C:\Users\jeank\Downloads\jfreechart-master\jfreechart-master\src\main\java\org\jfree\chart\swing\editor\StrokeSample.java,StrokeSample,146,74,0.5068493
C:\Users\jeank\Downloads\jfreechart-master\jfreechart-master\src\main\java\org\jfree\chart\swing\MouseWheelHandler.java,MouseWheelHandler,139,75,0.53956836
C:\Users\jeank\Downloads\jfreechart-master\jfreechart-master\src\main\java\org\jfree\chart\swing\NumberCellRenderer.java,NumberCellRenderer,78,48,0.61538464
C:\Users\jeank\Downloads\jfreechart-master\jfreechart-master\src\main\java\org\jfree\chart\swing\Overlay.java,Overlay,78,71,0.9102564
C:\Users\jeank\Downloads\jfreechart-master\jfreechart-master\src\main\java\org\jfree\chart\swing\OverlayChangeEvent.java,OverlayChangeEvent,50,44,0.88
C:\Users\jeank\Downloads\jfreechart-master\jfreechart-master\src\main\java\org\jfree\chart\swing\OverlayChangeListener.java,OverlayChangeListener,48,43,0.8958333
C:\Users\jeank\Downloads\jfreechart-master\jfreechart-master\src\main\java\org\jfree\chart\swing\package-info.java,null,4,3,0.75
C:\Users\jeank\Downloads\jfreechart-master\jfreechart-master\src\main\java\org\jfree\chart\swing\PolarChartPanel.java,PolarChartPanel,215,99,0.4604651
C:\Users\jeank\Downloads\jfreechart-master\jfreechart-master\src\main\java\org\jfree\chart\swing\SelectionZoomStrategy.java,SelectionZoomStrategy,160,136,0.85
C:\Users\jeank\Downloads\jfreechart-master\jfreechart-master\src\main\java\org\jfree\chart\swing\UIUtils.java,UIUtils,181,100,0.5524862
C:\Users\jeank\Downloads\jfreechart-master\jfreechart-master\src\main\java\org\jfree\chart\text\AttributedStringUtils.java,AttributedStringUtils,88,45,0.5113636
C:\Users\jeank\Downloads\jfreechart-master\jfreechart-master\src\main\java\org\jfree\chart\text\format\HexNumberFormat.java,HexNumberFormat,136,91,0.6691176
C:\Users\jeank\Downloads\jfreechart-master\jfreechart-master\src\main\java\org\jfree\chart\text\format\HMSNumberFormat.java,HMSNumberFormat,105,76,0.72380954
C:\Users\jeank\Downloads\jfreechart-master\jfreechart-master\src\main\java\org\jfree\chart\text\format\LogFormat.java,LogFormat,222,125,0.5630631
C:\Users\jeank\Downloads\jfreechart-master\jfreechart-master\src\main\java\org\jfree\chart\text\format\package-info.java,null,4,3,0.75
C:\Users\jeank\Downloads\jfreechart-master\jfreechart-master\src\main\java\org\jfree\chart\text\format\RelativeDateFormat.java,RelativeDateFormat,501,285,0.56886226
C:\Users\jeank\Downloads\jfreechart-master\jfreechart-master\src\main\java\org\jfree\chart\text\G2TextMeasurer.java,G2TextMeasurer,63,45,0.71428573
C:\Users\jeank\Downloads\jfreechart-master\jfreechart-master\src\main\java\org\jfree\chart\text\package-info.java,null,4,3,0.75
C:\Users\jeank\Downloads\jfreechart-master\jfreechart-master\src\main\java\org\jfree\chart\text\TextAnchor.java,TextAnchor,145,94,0.64827585
C:\Users\jeank\Downloads\jfreechart-master\jfreechart-master\src\main\java\org\jfree\chart\text\TextBlock.java,TextBlock,272,135,0.49632353
C:\Users\jeank\Downloads\jfreechart-master\jfreechart-master\src\main\java\org\jfree\chart\text\TextBlockAnchor.java,TextBlockAnchor,55,43,0.7818182
C:\Users\jeank\Downloads\jfreechart-master\jfreechart-master\src\main\java\org\jfree\chart\text\TextBox.java,TextBox,378,181,0.47883597
C:\Users\jeank\Downloads\jfreechart-master\jfreechart-master\src\main\java\org\jfree\chart\text\TextFragment.java,TextFragment,268,144,0.53731346
C:\Users\jeank\Downloads\jfreechart-master\jfreechart-master\src\main\java\org\jfree\chart\text\TextLine.java,TextLine,222,114,0.5135135
C:\Users\jeank\Downloads\jfreechart-master\jfreechart-master\src\main\java\org\jfree\chart\text\TextMeasurer.java,TextMeasurer,44,40,0.90909094
C:\Users\jeank\Downloads\jfreechart-master\jfreechart-master\src\main\java\org\jfree\chart\text\TextUtils.java,TextUtils,699,307,0.43919885
C:\Users\jeank\Downloads\jfreechart-master\jfreechart-master\src\main\java\org\jfree\chart\title\CompositeTitle.java,CompositeTitle,223,126,0.5650224
C:\Users\jeank\Downloads\jfreechart-master\jfreechart-master\src\main\java\org\jfree\chart\title\DateTitle.java,DateTitle,154,117,0.75974023
C:\Users\jeank\Downloads\jfreechart-master\jfreechart-master\src\main\java\org\jfree\chart\title\ImageTitle.java,ImageTitle,330,155,0.46969697
C:\Users\jeank\Downloads\jfreechart-master\jfreechart-master\src\main\java\org\jfree\chart\title\package-info.java,null,4,3,0.75
C:\Users\jeank\Downloads\jfreechart-master\jfreechart-master\src\main\java\org\jfree\chart\title\ShortTextTitle.java,ShortTextTitle,223,104,0.46636772
C:\Users\jeank\Downloads\jfreechart-master\jfreechart-master\src\main\java\org\jfree\chart\title\TextTitle.java,TextTitle,800,336,0.42
C:\Users\jeank\Downloads\jfreechart-master\jfreechart-master\src\main\java\org\jfree\chart\title\Title.java,Title,396,219,0.5530303
C:\Users\jeank\Downloads\jfreechart-master\jfreechart-master\src\main\java\org\jfree\chart\urls\CategoryURLGenerator.java,CategoryURLGenerator,73,67,0.91780823
C:\Users\jeank\Downloads\jfreechart-master\jfreechart-master\src\main\java\org\jfree\chart\urls\CustomCategoryURLGenerator.java,CustomCategoryURLGenerator,179,91,0.5083799
C:\Users\jeank\Downloads\jfreechart-master\jfreechart-master\src\main\java\org\jfree\chart\urls\CustomPieURLGenerator.java,CustomPieURLGenerator,204,109,0.53431374
C:\Users\jeank\Downloads\jfreechart-master\jfreechart-master\src\main\java\org\jfree\chart\urls\CustomXYURLGenerator.java,CustomXYURLGenerator,193,104,0.5388601
C:\Users\jeank\Downloads\jfreechart-master\jfreechart-master\src\main\java\org\jfree\chart\urls\package-info.java,null,4,3,0.75
C:\Users\jeank\Downloads\jfreechart-master\jfreechart-master\src\main\java\org\jfree\chart\urls\PieURLGenerator.java,PieURLGenerator,64,59,0.921875
C:\Users\jeank\Downloads\jfreechart-master\jfreechart-master\src\main\java\org\jfree\chart\urls\StandardCategoryURLGenerator.java,StandardCategoryURLGenerator,179,96,0.5363129
C:\Users\jeank\Downloads\jfreechart-master\jfreechart-master\src\main\java\org\jfree\chart\urls\StandardPieURLGenerator.java,StandardPieURLGenerator,151,82,0.54304636
C:\Users\jeank\Downloads\jfreechart-master\jfreechart-master\src\main\java\org\jfree\chart\urls\StandardXYURLGenerator.java,StandardXYURLGenerator,140,82,0.5857143
C:\Users\jeank\Downloads\jfreechart-master\jfreechart-master\src\main\java\org\jfree\chart\urls\StandardXYZURLGenerator.java,StandardXYZURLGenerator,60,51,0.85
C:\Users\jeank\Downloads\jfreechart-master\jfreechart-master\src\main\java\org\jfree\chart\urls\TimeSeriesURLGenerator.java,TimeSeriesURLGenerator,183,93,0.5081967
C:\Users\jeank\Downloads\jfreechart-master\jfreechart-master\src\main\java\org\jfree\chart\urls\XYURLGenerator.java,XYURLGenerator,66,61,0.92424244
C:\Users\jeank\Downloads\jfreechart-master\jfreechart-master\src\main\java\org\jfree\chart\urls\XYZURLGenerator.java,XYZURLGenerator,61,56,0.91803277
C:\Users\jeank\Downloads\jfreechart-master\jfreechart-master\src\main\java\org\jfree\chart\util\AttrStringUtils.java,AttrStringUtils,299,117,0.39130434
C:\Users\jeank\Downloads\jfreechart-master\jfreechart-master\src\main\java\org\jfree\chart\util\DefaultShadowGenerator.java,DefaultShadowGenerator,284,134,0.471831
C:\Users\jeank\Downloads\jfreechart-master\jfreechart-master\src\main\java\org\jfree\chart\util\DirectionalGradientPaintTransformer.java,DirectionalGradientPaintTransformer,125,77,0.616
C:\Users\jeank\Downloads\jfreechart-master\jfreechart-master\src\main\java\org\jfree\chart\util\ExportUtils.java,ExportUtils,211,99,0.46919432
C:\Users\jeank\Downloads\jfreechart-master\jfreechart-master\src\main\java\org\jfree\chart\util\GradientPaintTransformer.java,GradientPaintTransformer,47,41,0.87234044
C:\Users\jeank\Downloads\jfreechart-master\jfreechart-master\src\main\java\org\jfree\chart\util\GradientPaintTransformType.java,GradientPaintTransformType,40,33,0.825
C:\Users\jeank\Downloads\jfreechart-master\jfreechart-master\src\main\java\org\jfree\chart\util\package-info.java,null,4,3,0.75
C:\Users\jeank\Downloads\jfreechart-master\jfreechart-master\src\main\java\org\jfree\chart\util\PaintAlpha.java,PaintAlpha,355,229,0.64507043
C:\Users\jeank\Downloads\jfreechart-master\jfreechart-master\src\main\java\org\jfree\chart\util\ShadowGenerator.java,ShadowGenerator,68,61,0.89705884
C:\Users\jeank\Downloads\jfreechart-master\jfreechart-master\src\main\java\org\jfree\chart\util\StandardGradientPaintTransformer.java,StandardGradientPaintTransformer,156,77,0.49358973
C:\Users\jeank\Downloads\jfreechart-master\jfreechart-master\src\main\java\org\jfree\chart\util\StringUtils.java,StringUtils,87,62,0.7126437
